INSERT INTO `__prefix__AlertLevel` (`name`, `nameShort`, `colour`, `colour_bg`, `description`, `sequenceNumber`) VALUES
('High', 'H', '#8b0000', '#FFB6C1', 'Highest level of severity, requiring intense and immediate readiness, action, individual support or differentiation.', 3),
('Medium', 'M', '#e69500', '#FFDB99', 'Moderate severity, requiring intermediate level of readiness, action, individual support or differentiation.', 2),
('Low', 'L', '#d0d000', '#ffffad', 'Low severity, requiring little to no readiness, action, individual support or differentiation.', 1);

INSERT INTO `__prefix__ExternalAssessment` (`name`, `nameShort`, `description`, `website`, `active`, `allowFileUpload`) VALUES
('Cognitive Abilities Test', 'CAT', 'UK-based standardised tests that provides scores in maths, verbal and non-verbal skills, as well as KS3 and GCSE predicted grades.', '', 'Y', 'N'),
('GCSE/iGCSE', 'GCSE', 'UK-based General Certificate of Secondary Education', '', 'Y', 'N'),
('IB Diploma', 'IB Diploma', 'International Baccalaureate Diploma', 'http://www.ibo.org/', 'Y', 'N');

INSERT INTO `__prefix__ExternalAssessmentField` (`name`, `category`, `sort_order`, `year_group_list`, `external_assessment`, `scale`) VALUES
('Maths', 'Scores', 1, '1,2,3', 1, 10),
('Non-Verbal', 'Scores', 2, '1,2,3', 1, 10),
('Verbal', 'Scores', 3, '1,2,3', 1, 10),
('English', '2_KS3 Target Grades', 3, '1,2,3', 1, 11),
('Maths', '2_KS3 Target Grades', 7, '1,2,3', 1, 11),
('Science', '2_KS3 Target Grades', 11, '1,2,3', 1, 11),
('English Language', '3_GCSE Target Grades', 10, '4,5', 1, 12),
('Mathematics', '3_GCSE Target Grades', 18, '4,5', 1, 12),
('Science - Double Award', '3_GCSE Target Grades', 25, '4,5', 1, 12),
('Art & Design', '2_KS3 Target Grades', 1, '1,2,3', 1, 11),
('Design & Tech', '2_KS3 Target Grades', 2, '1,2,3', 1, 11),
('Geography', '2_KS3 Target Grades', 4, '1,2,3', 1, 11),
('History', '2_KS3 Target Grades', 5, '1,2,3', 1, 11),
('ICT', '2_KS3 Target Grades', 6, '1,2,3', 1, 11),
('MFL', '2_KS3 Target Grades', 8, '1,2,3', 1, 11),
('Music', '2_KS3 Target Grades', 9, '1,2,3', 1, 11),
('PE', '2_KS3 Target Grades', 10, '1,2,3', 1, 11),
('Art & Design', '3_GCSE Target Grades', 1, '4,5', 1, 12),
('Business Studies', '3_GCSE Target Grades', 2, '4,5', 1, 12),
('D&T - Electronics', '3_GCSE Target Grades', 3, '4,5', 1, 12),
('D&T - Food', '3_GCSE Target Grades', 4, '4,5', 1, 12),
('D&T - Graphics', '3_GCSE Target Grades', 5, '4,5', 1, 12),
('D&T - Resistant Materials', '3_GCSE Target Grades', 6, '4,5', 1, 12),
('D&T - Systems Control', '3_GCSE Target Grades', 7, '4,5', 1, 12),
('D&T - Textiles', '3_GCSE Target Grades', 8, '4,5', 1, 12),
('Drama', '3_GCSE Target Grades', 9, '4,5', 1, 12),
('English Literature', '3_GCSE Target Grades', 11, '4,5', 1, 12),
('French', '3_GCSE Target Grades', 12, '4,5', 1, 12),
('Geography', '3_GCSE Target Grades', 13, '4,5', 1, 12),
('German', '3_GCSE Target Grades', 14, '4,5', 1, 12),
('History', '3_GCSE Target Grades', 15, '4,5', 1, 12),
('Home Economics', '3_GCSE Target Grades', 16, '4,5', 1, 12),
('Information Technology', '3_GCSE Target Grades', 17, '4,5', 1, 12),
('Media Studies', '3_GCSE Target Grades', 19, '4,5', 1, 12),
('Music', '3_GCSE Target Grades', 20, '4,5', 1, 12),
('Physical Education', '3_GCSE Target Grades', 21, '4,5', 1, 12),
('Religious Education', '3_GCSE Target Grades', 22, '4,5', 1, 12),
('Science - Biology', '3_GCSE Target Grades', 23, '4,5', 1, 12),
('Science - Chemistry', '3_GCSE Target Grades', 24, '4,5', 1, 12),
('Science - Physics', '3_GCSE Target Grades', 26, '4,5', 1, 12),
('Science - Single Award', '3_GCSE Target Grades', 27, '4,5', 1, 12),
('Sociology', '3_GCSE Target Grades', 28, '4,5', 1, 12),
('Spanish', '3_GCSE Target Grades', 29, '4,5', 1, 12),
('Statistics', '3_GCSE Target Grades', 30, '4,5', 1, 12),
('Art & Design', '1_Final Grade', 1, '4,5', 2, 3),
('Chinese (Mandarin)', '1_Final Grade', 2, '4,5', 2, 3),
('Drama', '1_Final Grade', 3, '4,5', 2, 3),
('Dutch', '1_Final Grade', 4, '4,5', 2, 3),
('Economics', '1_Final Grade', 5, '4,5', 2, 3),
('English Language', '1_Final Grade', 6, '4,5', 2, 3),
('English Literature', '1_Final Grade', 7, '4,5', 2, 3),
('Environmental Management', '1_Final Grade', 8, '4,5', 2, 3),
('Mathematics', '1_Final Grade', 9, '4,5', 2, 3),
('Media Studies', '1_Final Grade', 10, '4,5', 2, 3),
('Physical Education', '1_Final Grade', 11, '4,5', 2, 3),
('Science - Double Award', '1_Final Grade', 12, '4,5', 2, 3),
('Spanish', '1_Final Grade', 13, '4,5', 2, 3),
('Art & Design', '_Target Grade', 1, '4,5', 2, 12),
('Chinese (Mandarin)', '_Target Grade', 2, '4,5', 2, 12),
('Drama', '_Target Grade', 3, '4,5', 2, 12),
('Dutch', '_Target Grade', 4, '4,5', 2, 12),
('Economics', '_Target Grade', 5, '4,5', 2, 12),
('English Language', '_Target Grade', 6, '4,5', 2, 12),
('English Literature', '_Target Grade', 7, '4,5', 2, 12),
('Environmental Management', '_Target Grade', 8, '4,5', 2, 12),
('Mathematics', '_Target Grade', 9, '4,5', 2, 12),
('Media Studies', '_Target Grade', 10, '4,5', 2, 12),
('Physical Education', '_Target Grade', 11, '4,5', 2, 12),
('Science - Double Award', '_Target Grade', 12, '4,5', 2, 12),
('Spanish', '_Target Grade', 13, '4,5', 2, 12),
('IB Diploma Total', '_Target Grade', 0, '6,7', 3, 14),
('IB Diploma Total', '1_Final Grade', 0, '6,7', 3, 14),
('Chinese A: Language and Literature HL', '_Target Grade', 1, '6,7', 3, 13),
('Chinese A: Language and Literature SL', '_Target Grade', 2, '6,7', 3, 13),
('English A: Language and Literature HL', '_Target Grade', 3, '6,7', 3, 13),
('English A: Language and Literature SL', '_Target Grade', 4, '6,7', 3, 13),
('English A: Literature HL', '_Target Grade', 5, '6,7', 3, 13),
('English A: Literature SL', '_Target Grade', 6, '6,7', 3, 13),
('Self-Taught Language SL', '_Target Grade', 7, '6,7', 3, 13),
('Chinese B HL', '_Target Grade', 8, '6,7', 3, 13),
('Chinese B SL', '_Target Grade', 9, '6,7', 3, 13),
('Spanish B HL', '_Target Grade', 10, '6,7', 3, 13),
('Spanish B SL', '_Target Grade', 11, '6,7', 3, 13),
('Italian ab initio SL', '_Target Grade', 12, '6,7', 3, 13),
('Economics HL', '_Target Grade', 13, '6,7', 3, 13),
('Economics SL', '_Target Grade', 14, '6,7', 3, 13),
('Psychology HL', '_Target Grade', 15, '6,7', 3, 13),
('Psychology SL', '_Target Grade', 16, '6,7', 3, 13),
('Environmental Systems and Society SL', '_Target Grade', 17, '6,7', 3, 13),
('Chemistry HL', '_Target Grade', 18, '6,7', 3, 13),
('Chemistry SL', '_Target Grade', 19, '6,7', 3, 13),
('Physics HL', '_Target Grade', 20, '6,7', 3, 13),
('Physics SL', '_Target Grade', 21, '6,7', 3, 13),
('Mathematics HL', '_Target Grade', 22, '6,7', 3, 13),
('Mathematics SL', '_Target Grade', 23, '6,7', 3, 13),
('Maths Studies SL', '_Target Grade', 24, '6,7', 3, 13),
('Theatre Arts HL', '_Target Grade', 25, '6,7', 3, 13),
('Theatre Arts SL', '_Target Grade', 26, '6,7', 3, 13),
('Visual Arts HL', '_Target Grade', 27, '6,7', 3, 13),
('Visual Arts SL', '_Target Grade', 28, '6,7', 3, 13),
('Chinese A: Language and Literature HL', '1_Final Grade', 1, '6,7', 3, 13),
('Chinese A: Language and Literature SL', '1_Final Grade', 2, '6,7', 3, 13),
('English A: Language and Literature HL', '1_Final Grade', 3, '6,7', 3, 13),
('English A: Language and Literature SL', '1_Final Grade', 4, '6,7', 3, 13),
('English A: Literature HL', '1_Final Grade', 5, '6,7', 3, 13),
('English A: Literature SL', '1_Final Grade', 6, '6,7', 3, 13),
('Self-Taught Language SL', '1_Final Grade', 7, '6,7', 3, 13),
('Chinese B HL', '1_Final Grade', 8, '6,7', 3, 13),
('Chinese B SL', '1_Final Grade', 9, '6,7', 3, 13),
('Spanish B HL', '1_Final Grade', 10, '6,7', 3, 13),
('Spanish B SL', '1_Final Grade', 11, '6,7', 3, 13),
('Italian ab initio SL', '1_Final Grade', 12, '6,7', 3, 13),
('Economics HL', '1_Final Grade', 13, '6,7', 3, 13),
('Economics SL', '1_Final Grade', 14, '6,7', 3, 13),
('Psychology HL', '1_Final Grade', 15, '6,7', 3, 13),
('Psychology SL', '1_Final Grade', 16, '6,7', 3, 13),
('Environmental Systems and Society SL', '1_Final Grade', 17, '6,7', 3, 13),
('Chemistry HL', '1_Final Grade', 18, '6,7', 3, 13),
('Chemistry SL', '1_Final Grade', 19, '6,7', 3, 13),
('Physics HL', '1_Final Grade', 20, '6,7', 3, 13),
('Physics SL', '1_Final Grade', 21, '6,7', 3, 13),
('Mathematics HL', '1_Final Grade', 22, '6,7', 3, 13),
('Mathematics SL', '1_Final Grade', 23, '6,7', 3, 13),
('Maths Studies SL', '1_Final Grade', 24, '6,7', 3, 13),
('Theatre Arts HL', '1_Final Grade', 25, '6,7', 3, 13),
('Theatre Arts SL', '1_Final Grade', 26, '6,7', 3, 13),
('Visual Arts HL', '1_Final Grade', 27, '6,7', 3, 13),
('Visual Arts SL', '1_Final Grade', 28, '6,7', 3, 13);

INSERT INTO `__prefix__DaysOfWeek` (`name`, `nameShort`, `sequenceNumber`, `schoolDay`, `schoolOpen`, `schoolStart`, `schoolEnd`, `schoolClose`) VALUES
('Monday', 'Mon', 1, 'Y', '7:45:00', '8:30:00', '15:30:00', '17:00:00'),
('Tuesday', 'Tue', 2, 'Y', '7:45:00', '8:30:00', '15:30:00', '17:00:00'),
('Wednesday', 'Wed', 3, 'Y', '7:45:00', '8:30:00', '15:30:00', '17:00:00'),
('Thursday', 'Thu', 4, 'Y', '7:45:00', '8:30:00', '15:30:00', '17:00:00'),
('Friday', 'Fri', 5, 'Y', '7:45:00', '8:30:00', '15:30:00', '17:00:00'),
('Saturday', 'Sat', 6, 'N', NULL, NULL, NULL, NULL),
('Sunday', 'Sun', 7, 'N', NULL, NULL, NULL, NULL);

INSERT INTO `__prefix__FileExtension` (`type`, `extension`, `name`) VALUES
('Document', 'doc', 'Microsoft Word 97/2000/XP'),
('Document', 'docx', 'Microsoft Word 2007+'),
('Document', 'pages', 'Apple Pages'),
('Document', 'odt', 'OpenOffice Text'),
('Document', 'txt', 'Plain Text'),
('Document', 'rtf', 'Rich Text Format'),
('Spreadsheet', 'xls', 'Microsoft Excel 97/2000/XP'),
('Spreadsheet', 'xlsx', 'Microsoft Excel 2007+'),
('Spreadsheet', 'ods', 'OpenOffice SpreadSheet'),
('Spreadsheet', 'numbers', 'Apple Numbers'),
('Spreadsheet', 'csv', 'Comma Seperate Values'),
('Presentation', 'ppt', 'Microsoft PowerPoint 97/2000/XP'),
('Presentation', 'pptx', 'Microsoft PowerPoint 2007+'),
('Presentation', 'key', 'Apple Keynote'),
('Audio', 'mp3', 'MPEG Audio'),
('Audio', 'mp4', 'MPEG Audio'),
('Audio', 'm4a', 'MPEG Audio'),
('Audio', 'wma', 'Windows Media Audio'),
('Audio', 'ogg', 'Vorbis Ogg'),
('Audio', 'aac', 'MPEG Audio'),
('Graphics/Design', 'png', 'Portable Network Graphics'),
('Graphics/Design', 'jpg', 'Joint Picture Expert Group'),
('Graphics/Design', 'gif', 'Graphics Interchange Format'),
('Graphics/Design', 'acorn', 'Acorn'),
('Graphics/Design', 'ai', 'Adobe Illustrator'),
('Graphics/Design', 'psd', 'Adobe Photoshop'),
('Graphics/Design', 'xcf', 'GIMP eXperimental Computing Facility'),
('Video', 'avi', 'Audio Video Interleave'),
('Video', 'wmv', 'Windows Media Video'),
('Video', 'mpg', 'MPEG Video'),
('Video', 'mov', 'QuickTime Movie'),
('Video', 'flv', 'Adobe Flash Video'),
('Video', 'fla', 'Adobe Flash'),
('Video', 'swf', 'Adobe Flash'),
('Graphics/Design', 'skp', 'Google SketchUp'),
('Document', 'pdf', 'Portable Document Format'),
('Graphics/Design', 'jpeg', 'Joint Picture Expert Group'),
('Video', 'mpeg', 'MPEG Video'),
('Other', 'sb', 'Scratch'),
('Video', 'm4v', 'MPG Varient'),
('Other', 'zip', 'ZIP Compressed Archive'),
('Document', 'htm', 'HyperText Marrkup Language'),
('Document', 'html', 'HyperText Marrkup Language'),
('Video', '3gp', '3rd Generation Partnership Video'),
('Other', 'sb2', 'Scratch 2');

INSERT INTO `__prefix__YearGroup` (`name`, `nameShort`, `sequenceNumber`, `head_of_year`) VALUES
('Year 7', 'Y07', 1, NULL),
('Year 8', 'Y08', 2, NULL),
('Year 9', 'Y09', 3, NULL),
('Year 10', 'Y10', 4, NULL),
('Year 11', 'Y11', 5, NULL),
('Year 12', 'Y12', 6, NULL),
('Year 13', 'Y13', 7, NULL);

INSERT INTO `__prefix__Scale` (`id`, `name`, `nameShort`, `usage_info`, `lowestAcceptable`, `active`, `is_numeric`) VALUES
(00001, 'International Baccalaureate', 'IB', '7 (highest) to 1 (lowest)', NULL, 'Y', 'Y'),
(00002, 'International Baccalaureate EE', 'IBEE', 'A (highest) to E (lowest)', 0000012, 'Y', 'N'),
(00003, 'United Kingdom GCSE/iGCSE', 'GCSE', 'A* (highest) to U (lowest)', NULL, 'Y', 'N'),
(00004, 'Percentage', '%', '100 (highest) to  (lowest)', 0000072, 'Y', 'Y'),
(00005, 'Full Letter Grade', 'FLG', 'A+ (highest) to F (lowest)', 0000137, 'N', 'N'),
(00006, 'Simple Letter Grade', 'SLG', 'A (highest) to F (lowest)', 0000142, 'N', 'N'),
(00007, 'International College HK', 'ICHK', '7 (highest) to 1 (lowest)', 0000148, 'Y', 'Y'),
(00008, 'Completion', 'Comp', 'Has task has been completed?', 0000152, 'Y', 'N'),
(00009, 'Cognitive Abilities Test', 'CAT', '140 (highest) to 60 (lowest)', 0000202, 'Y', 'Y'),
(00010, 'UK National Curriculum KS3', 'KS3', '8A (highest) to B3 (lowest)', 0000256, 'Y', 'N'),
(00011, 'United Kingdom GCSE/iGCSE Predicted', 'GPrd', '8A (highest) to B3 (lowest)', 0000268, 'Y', 'N'),
(00012, 'IB Diploma (Subject)', 'IBDS', '7 (highest) to 1 (lowest)', 0000276, 'Y', 'Y'),
(00013, 'IB Diploma (Total)', 'IBDT', '45 (highest) to ', 0000301, 'Y', 'Y'),
(00014, 'UK National Curriculum KS3 Simplified', 'KS3S', 'Level 8 (highest) to Level 3 (lowest)', 0000328, 'Y', 'N');

INSERT INTO `__prefix__ScaleGrade` (`id`, `value`, `descriptor`, `sequenceNumber`, `isDefault`, `scale`) VALUES
(0000001, '7', '7', 1, 'N', 00001),
(0000002, '6', '6', 2, 'N', 00001),
(0000003, '5', '5', 3, 'N', 00001),
(0000004, '4', '4', 4, 'N', 00001),
(0000005, '3', '3', 5, 'N', 00001),
(0000006, '2', '2', 6, 'N', 00001),
(0000007, '1', '1', 7, 'N', 00001),
(0000008, 'A', '49–60', 1, 'N', 00002),
(0000009, 'B', '40–48', 2, 'N', 00002),
(0000010, 'C', '32–39', 3, 'N', 00002),
(0000011, 'D', '22–31', 4, 'N', 00002),
(0000012, 'E', '–21', 5, 'N', 00002),
(0000013, 'A*', 'A*', 1, 'N', 00003),
(0000014, 'A', 'A', 2, 'N', 00003),
(0000015, 'B', 'B', 3, 'N', 00003),
(0000016, 'C', 'C', 4, 'N', 00003),
(0000017, 'D', 'D', 5, 'N', 00003),
(0000018, 'E', 'E', 6, 'N', 00003),
(0000019, 'F', 'F', 7, 'N', 00003),
(0000020, 'G', 'G', 8, 'N', 00003),
(0000021, 'U', 'Unclassified', 9, 'N', 00003),
(0000022, '100%', '100%', 1, 'N', 00004),
(0000023, '99%', '99%', 2, 'N', 00004),
(0000024, '98%', '98%', 3, 'N', 00004),
(0000025, '97%', '97%', 4, 'N', 00004),
(0000026, '96%', '96%', 5, 'N', 00004),
(0000027, '95%', '95%', 6, 'N', 00004),
(0000028, '94%', '94%', 7, 'N', 00004),
(0000029, '93%', '93%', 8, 'N', 00004),
(0000030, '92%', '92%', 9, 'N', 00004),
(0000031, '91%', '91%', 10, 'N', 00004),
(0000032, '90%', '90%', 11, 'N', 00004),
(0000033, '89%', '89%', 12, 'N', 00004),
(0000034, '88%', '88%', 13, 'N', 00004),
(0000035, '87%', '87%', 14, 'N', 00004),
(0000036, '86%', '86%', 15, 'N', 00004),
(0000037, '85%', '85%', 16, 'N', 00004),
(0000038, '84%', '84%', 17, 'N', 00004),
(0000039, '83%', '83%', 18, 'N', 00004),
(0000040, '82%', '82%', 19, 'N', 00004),
(0000041, '81%', '81%', 20, 'N', 00004),
(0000042, '80%', '80%', 21, 'N', 00004),
(0000043, '79%', '79%', 22, 'N', 00004),
(0000044, '78%', '78%', 23, 'N', 00004),
(0000045, '77%', '77%', 24, 'N', 00004),
(0000046, '76%', '76%', 25, 'N', 00004),
(0000047, '75%', '75%', 26, 'N', 00004),
(0000048, '74%', '74%', 27, 'N', 00004),
(0000049, '73%', '73%', 28, 'N', 00004),
(0000050, '72%', '72%', 29, 'N', 00004),
(0000051, '71%', '71%', 30, 'N', 00004),
(0000052, '70%', '70%', 31, 'N', 00004),
(0000053, '69%', '69%', 32, 'N', 00004),
(0000054, '68%', '68%', 33, 'N', 00004),
(0000055, '67%', '67%', 34, 'N', 00004),
(0000056, '66%', '66%', 35, 'N', 00004),
(0000057, '65%', '65%', 36, 'N', 00004),
(0000058, '64%', '64%', 37, 'N', 00004),
(0000059, '63%', '63%', 38, 'N', 00004),
(0000060, '62%', '62%', 39, 'N', 00004),
(0000061, '61%', '61%', 40, 'N', 00004),
(0000062, '60%', '60%', 41, 'N', 00004),
(0000063, '59%', '59%', 42, 'N', 00004),
(0000064, '58%', '58%', 43, 'N', 00004),
(0000065, '57%', '57%', 44, 'N', 00004),
(0000066, '56%', '56%', 45, 'N', 00004),
(0000067, '55%', '55%', 46, 'N', 00004),
(0000068, '54%', '54%', 47, 'N', 00004),
(0000069, '53%', '53%', 48, 'N', 00004),
(0000070, '52%', '52%', 49, 'N', 00004),
(0000071, '51%', '51%', 50, 'N', 00004),
(0000072, '50%', '50%', 51, 'N', 00004),
(0000073, '49%', '49%', 52, 'N', 00004),
(0000074, '48%', '48%', 53, 'N', 00004),
(0000075, '47%', '47%', 54, 'N', 00004),
(0000076, '46%', '46%', 55, 'N', 00004),
(0000077, '45%', '45%', 56, 'N', 00004),
(0000078, '44%', '44%', 57, 'N', 00004),
(0000079, '43%', '43%', 58, 'N', 00004),
(0000080, '42%', '42%', 59, 'N', 00004),
(0000081, '41%', '41%', 60, 'N', 00004),
(0000082, '40%', '40%', 61, 'N', 00004),
(0000083, '39%', '39%', 62, 'N', 00004),
(0000084, '38%', '38%', 63, 'N', 00004),
(0000085, '37%', '37%', 64, 'N', 00004),
(0000086, '36%', '36%', 65, 'N', 00004),
(0000087, '35%', '35%', 66, 'N', 00004),
(0000088, '34%', '34%', 67, 'N', 00004),
(0000089, '33%', '33%', 68, 'N', 00004),
(0000090, '32%', '32%', 69, 'N', 00004),
(0000091, '31%', '31%', 70, 'N', 00004),
(0000092, '30%', '30%', 71, 'N', 00004),
(0000093, '29%', '29%', 72, 'N', 00004),
(0000094, '28%', '28%', 73, 'N', 00004),
(0000095, '27%', '27%', 74, 'N', 00004),
(0000096, '26%', '26%', 75, 'N', 00004),
(0000097, '25%', '25%', 76, 'N', 00004),
(0000098, '24%', '24%', 77, 'N', 00004),
(0000099, '23%', '23%', 78, 'N', 00004),
(0000100, '22%', '22%', 79, 'N', 00004),
(0000101, '21%', '21%', 80, 'N', 00004),
(0000102, '20%', '20%', 81, 'N', 00004),
(0000103, '19%', '19%', 82, 'N', 00004),
(0000104, '18%', '18%', 83, 'N', 00004),
(0000105, '17%', '17%', 84, 'N', 00004),
(0000106, '16%', '16%', 85, 'N', 00004),
(0000107, '15%', '15%', 86, 'N', 00004),
(0000108, '14%', '14%', 87, 'N', 00004),
(0000109, '13%', '13%', 88, 'N', 00004),
(0000110, '12%', '12%', 89, 'N', 00004),
(0000111, '11%', '11%', 90, 'N', 00004),
(0000112, '10%', '10%', 91, 'N', 00004),
(0000113, '9%', '9%', 92, 'N', 00004),
(0000114, '8%', '8%', 93, 'N', 00004),
(0000115, '7%', '7%', 94, 'N', 00004),
(0000116, '6%', '6%', 95, 'N', 00004),
(0000117, '5%', '5%', 96, 'N', 00004),
(0000118, '4%', '4%', 97, 'N', 00004),
(0000119, '3%', '3%', 98, 'N', 00004),
(0000120, '2%', '2%', 99, 'N', 00004),
(0000121, '1%', '2%', 100, 'N', 00004),
(0000122, '%', '%', 101, 'N', 00004),
(0000123, 'A+', 'A+', 1, 'N', 00005),
(0000124, 'A', 'A', 2, 'N', 00005),
(0000125, 'A-', 'A-', 3, 'N', 00005),
(0000126, 'B+', 'B+', 4, 'N', 00005),
(0000127, 'B', 'B', 5, 'N', 00005),
(0000128, 'B-', 'B-', 6, 'N', 00005),
(0000129, 'C+', 'C+', 7, 'N', 00005),
(0000130, 'C', 'C', 8, 'N', 00005),
(0000131, 'C-', 'C-', 9, 'N', 00005),
(0000132, 'D+', 'D+', 10, 'N', 00005),
(0000133, 'D', 'D', 11, 'N', 00005),
(0000134, 'D-', 'D-', 12, 'N', 00005),
(0000135, 'E+', 'E+', 13, 'N', 00005),
(0000136, 'E', 'E', 14, 'N', 00005),
(0000137, 'E-', 'E-', 15, 'N', 00005),
(0000138, 'F', 'F', 16, 'N', 00005),
(0000139, 'A', 'A', 1, 'N', 00006),
(0000140, 'B', 'B', 2, 'N', 00006),
(0000141, 'C', 'C', 3, 'N', 00006),
(0000142, 'D', 'D', 4, 'N', 00006),
(0000143, 'E', 'E', 5, 'N', 00006),
(0000144, 'F', 'F', 6, 'N', 00006),
(0000145, '7', 'Exceptional  Performance', 1, 'N', 00007),
(0000146, '6', 'Well Above Expected Level', 2, 'N', 00007),
(0000147, '5', 'Above Expected Level', 3, 'N', 00007),
(0000148, '4', 'At Expected Level', 4, 'N', 00007),
(0000149, '3', 'Below Expected Level', 5, 'N', 00007),
(0000150, '2', 'Well Below Expected Level', 6, 'N', 00007),
(0000151, '1', 'Cause For Concern', 7, 'N', 00007),
(0000152, 'Complete', 'Work complete', 1, 'N', 00008),
(0000153, 'Incomplete', 'Work incomplete', 3, 'N', 00008),
(0000154, 'Late', 'Work submitted late', 2, 'N', 00008),
(0000155, 'Incomplete', 'Work incomplete', 8, 'N', 00007),
(0000156, 'Incomplete', 'Work incomplete', 8, 'N', 00001),
(0000157, 'Incomplete', 'Work incomplete', 10, 'N', 00003),
(0000158, 'Incomplete', 'Work incomplete', 102, 'N', 00004),
(0000159, 'Incomplete', 'Work incomplete', 17, 'N', 00005),
(0000160, 'Incomplete', 'Work incomplete', 7, 'N', 00006),
(0000161, '60', '60', 82, 'N', 00009),
(0000162, '61', '61', 81, 'N', 00009),
(0000163, '62', '62', 80, 'N', 00009),
(0000164, '63', '63', 79, 'N', 00009),
(0000165, '64', '64', 78, 'N', 00009),
(0000166, '65', '65', 77, 'N', 00009),
(0000167, '66', '66', 76, 'N', 00009),
(0000168, '67', '67', 75, 'N', 00009),
(0000169, '68', '68', 74, 'N', 00009),
(0000170, '69', '69', 73, 'N', 00009),
(0000171, '70', '70', 72, 'N', 00009),
(0000172, '71', '71', 71, 'N', 00009),
(0000173, '72', '72', 70, 'N', 00009),
(0000174, '73', '73', 69, 'N', 00009),
(0000175, '74', '74', 68, 'N', 00009),
(0000176, '75', '75', 67, 'N', 00009),
(0000177, '76', '76', 66, 'N', 00009),
(0000178, '77', '77', 65, 'N', 00009),
(0000179, '78', '78', 64, 'N', 00009),
(0000180, '79', '79', 63, 'N', 00009),
(0000181, '80', '80', 62, 'N', 00009),
(0000182, '81', '81', 61, 'N', 00009),
(0000183, '82', '82', 60, 'N', 00009),
(0000184, '83', '83', 59, 'N', 00009),
(0000185, '84', '84', 58, 'N', 00009),
(0000186, '85', '85', 57, 'N', 00009),
(0000187, '86', '86', 56, 'N', 00009),
(0000188, '87', '87', 55, 'N', 00009),
(0000189, '88', '88', 54, 'N', 00009),
(0000190, '89', '89', 53, 'N', 00009),
(0000191, '90', '90', 52, 'N', 00009),
(0000192, '91', '91', 51, 'N', 00009),
(0000193, '92', '92', 50, 'N', 00009),
(0000194, '93', '93', 49, 'N', 00009),
(0000195, '94', '94', 48, 'N', 00009),
(0000196, '95', '95', 47, 'N', 00009),
(0000197, '96', '96', 46, 'N', 00009),
(0000198, '97', '97', 45, 'N', 00009),
(0000199, '98', '98', 44, 'N', 00009),
(0000200, '99', '99', 43, 'N', 00009),
(0000201, '100', '100', 42, 'N', 00009),
(0000202, '101', '101', 41, 'N', 00009),
(0000203, '102', '102', 40, 'N', 00009),
(0000204, '103', '103', 39, 'N', 00009),
(0000205, '104', '104', 38, 'N', 00009),
(0000206, '105', '105', 37, 'N', 00009),
(0000207, '106', '106', 36, 'N', 00009),
(0000208, '107', '107', 35, 'N', 00009),
(0000209, '108', '108', 34, 'N', 00009),
(0000210, '109', '109', 33, 'N', 00009),
(0000211, '110', '110', 32, 'N', 00009),
(0000212, '111', '111', 31, 'N', 00009),
(0000213, '112', '112', 30, 'N', 00009),
(0000214, '113', '113', 29, 'N', 00009),
(0000215, '114', '114', 28, 'N', 00009),
(0000216, '115', '115', 27, 'N', 00009),
(0000217, '116', '116', 26, 'N', 00009),
(0000218, '117', '117', 25, 'N', 00009),
(0000219, '118', '118', 24, 'N', 00009),
(0000220, '119', '119', 23, 'N', 00009),
(0000221, '120', '120', 22, 'N', 00009),
(0000222, '121', '121', 21, 'N', 00009),
(0000223, '122', '122', 20, 'N', 00009),
(0000224, '123', '123', 19, 'N', 00009),
(0000225, '124', '124', 18, 'N', 00009),
(0000226, '125', '125', 17, 'N', 00009),
(0000227, '126', '126', 16, 'N', 00009),
(0000228, '127', '127', 15, 'N', 00009),
(0000229, '128', '128', 14, 'N', 00009),
(0000230, '129', '129', 13, 'N', 00009),
(0000231, '130', '130', 12, 'N', 00009),
(0000232, '131', '131', 11, 'N', 00009),
(0000233, '132', '132', 10, 'N', 00009),
(0000234, '133', '133', 9, 'N', 00009),
(0000235, '134', '134', 8, 'N', 00009),
(0000236, '135', '135', 7, 'N', 00009),
(0000237, '136', '136', 6, 'N', 00009),
(0000238, '137', '137', 5, 'N', 00009),
(0000239, '138', '138', 4, 'N', 00009),
(0000240, '139', '139', 3, 'N', 00009),
(0000241, '140', '140', 2, 'N', 00009),
(0000242, '8A', '8A', 1, 'N', 00010),
(0000243, '8B', '8B', 2, 'N', 00010),
(0000244, '8C', '8C', 3, 'N', 00010),
(0000245, '7A', '7A', 4, 'N', 00010),
(0000246, '7B', '7B', 5, 'N', 00010),
(0000247, '7C', '7C', 6, 'N', 00010),
(0000248, '6A', '6A', 7, 'N', 00010),
(0000249, '6B', '6B', 8, 'N', 00010),
(0000250, '6C', '6C', 9, 'N', 00010),
(0000251, '5A', '5A', 10, 'N', 00010),
(0000252, '5B', '5B', 11, 'N', 00010),
(0000253, '5C', '5C', 12, 'N', 00010),
(0000254, '4A', '4A', 13, 'N', 00010),
(0000255, '4B', '4B', 14, 'N', 00010),
(0000256, '4C', '4C', 15, 'N', 00010),
(0000257, 'B3', 'B3', 16, 'N', 00010),
(0000258, 'A', 'A', 1, 'N', 00011),
(0000259, 'A/B', 'A/B', 2, 'N', 00011),
(0000260, 'B', 'B', 3, 'N', 00011),
(0000261, 'B/C', 'B/C', 4, 'N', 00011),
(0000262, 'C', 'C', 5, 'N', 00011),
(0000263, 'C/D', 'C/D', 6, 'N', 00011),
(0000264, 'D', 'D', 7, 'N', 00011),
(0000265, 'D/E', 'D/E', 8, 'N', 00011),
(0000266, 'E', 'E', 9, 'N', 00011),
(0000267, 'E/F', 'E/F', 10, 'N', 00011),
(0000268, 'F', 'F', 11, 'N', 00011),
(0000269, 'G', 'G', 12, 'N', 00011),
(0000270, 'U', 'Unclassified', 13, 'N', 00011),
(0000271, '141', '141', 1, 'N', 00009),
(0000272, '7', '7', 1, 'N', 00012),
(0000273, '6', '6', 2, 'N', 00012),
(0000274, '5', '5', 3, 'N', 00012),
(0000275, '4', '4', 4, 'N', 00012),
(0000276, '3', '3', 5, 'N', 00012),
(0000277, '2', '2', 6, 'N', 00012),
(0000278, '1', '1', 7, 'N', 00012),
(0000279, '45', '45', 1, 'N', 00013),
(0000280, '44', '44', 2, 'N', 00013),
(0000281, '43', '43', 3, 'N', 00013),
(0000282, '42', '42', 4, 'N', 00013),
(0000283, '41', '41', 5, 'N', 00013),
(0000284, '40', '40', 6, 'N', 00013),
(0000285, '39', '39', 7, 'N', 00013),
(0000286, '38', '38', 8, 'N', 00013),
(0000287, '37', '37', 9, 'N', 00013),
(0000288, '36', '36', 10, 'N', 00013),
(0000289, '35', '35', 11, 'N', 00013),
(0000290, '34', '34', 12, 'N', 00013),
(0000291, '33', '33', 13, 'N', 00013),
(0000292, '32', '32', 14, 'N', 00013),
(0000293, '31', '31', 15, 'N', 00013),
(0000294, '30', '30', 16, 'N', 00013),
(0000295, '29', '29', 17, 'N', 00013),
(0000296, '28', '28', 18, 'N', 00013),
(0000297, '27', '27', 19, 'N', 00013),
(0000298, '26', '26', 20, 'N', 00013),
(0000299, '25', '25', 21, 'N', 00013),
(0000300, '24', '24', 22, 'N', 00013),
(0000301, '23', '23', 23, 'N', 00013),
(0000302, '22', '22', 24, 'N', 00013),
(0000303, '21', '21', 25, 'N', 00013),
(0000304, '20', '20', 26, 'N', 00013),
(0000305, '19', '19', 27, 'N', 00013),
(0000306, '18', '18', 28, 'N', 00013),
(0000307, '17', '17', 29, 'N', 00013),
(0000308, '16', '16', 30, 'N', 00013),
(0000309, '15', '15', 31, 'N', 00013),
(0000310, '14', '14', 32, 'N', 00013),
(0000311, '13', '13', 33, 'N', 00013),
(0000312, '12', '12', 34, 'N', 00013),
(0000313, '11', '11', 35, 'N', 00013),
(0000314, '10', '10', 36, 'N', 00013),
(0000315, '9', '9', 37, 'N', 00013),
(0000316, '8', '8', 38, 'N', 00013),
(0000317, '7', '7', 39, 'N', 00013),
(0000318, '6', '6', 40, 'N', 00013),
(0000319, '5', '5', 41, 'N', 00013),
(0000320, '4', '4', 42, 'N', 00013),
(0000321, '3', '3', 43, 'N', 00013),
(0000322, '2', '2', 44, 'N', 00013),
(0000323, '1', '1', 45, 'N', 00013),
(0000324, '8', 'Level 8', 1, 'N', 00014),
(0000325, '7', 'Level 7', 2, 'N', 00014),
(0000326, '6', 'Level 6', 3, 'N', 00014),
(0000327, '5', 'Level 5', 4, 'N', 00014),
(0000328, '4', 'Level 4', 5, 'N', 00014),
(0000329, '3', 'Level 3', 6, 'N', 00014);